bid	nt	cat	ul
bundle1	1	19	0.089550973
bundle2	1	19	0.070045238
bundle3	1	33	0.009617117
bundle4	1	19	0.007868598
bundle5	1	33	0.034672327
bundle10920	2	11	3.745922416
bundle10921	2	11	0.352569507
bundle10922	2	11	164.5842186
bundle10923	2	11	12.49077017
bundle10924	2	11	0.001747344